{"cameraMode":{"drawMode":0,"name":"Shaded","section":"Shading Mode"},"sceneLighting":true,"audioPlay":false,"sceneViewState":{"m_AlwaysRefresh":false,"showFog":true,"showSkybox":true,"showFlares":true,"showImageEffects":true,"showParticleSystems":true,"showVisualEffectGraphs":true,"m_FxEnabled":true},"in2DMode":false,"pivot":{"x":20.564199447631837,"y":-7.759296417236328,"z":13.598564147949219},"rotation":{"x":-0.13359998166561128,"y":0.8663104176521301,"z":-0.34702014923095705,"w":-0.3335205018520355},"size":24.867956161499025,"orthographic":false}