{"cameraMode":{"drawMode":0,"name":"Shaded","section":"Shading Mode"},"sceneLighting":true,"audioPlay":false,"sceneViewState":{"m_AlwaysRefresh":false,"showFog":true,"showSkybox":true,"showFlares":true,"showImageEffects":true,"showParticleSystems":true,"showVisualEffectGraphs":true,"m_FxEnabled":true},"in2DMode":false,"pivot":{"x":556.7263793945313,"y":283.4476318359375,"z":-10.0341796875},"rotation":{"x":0.029993832111358644,"y":0.010495103895664215,"z":-0.00031493883579969406,"w":0.9994955062866211},"size":331.6031799316406,"orthographic":true}