{"cameraMode":{"drawMode":0,"name":"Shaded","section":"Shading Mode"},"sceneLighting":false,"audioPlay":false,"sceneViewState":{"m_AlwaysRefresh":false,"showFog":true,"showSkybox":false,"showFlares":true,"showImageEffects":true,"showParticleSystems":true,"showVisualEffectGraphs":true,"m_FxEnabled":true},"in2DMode":false,"pivot":{"x":-0.052312612533569339,"y":-0.41789722442626955,"z":0.4096345901489258},"rotation":{"x":-0.03920667991042137,"y":0.960188090801239,"z":-0.2121979296207428,"w":-0.17740845680236817},"size":6.946225166320801,"orthographic":false}